aqua/test_aqua.jl	9.652
vault/test_artifacts.jl	12.095
vault/test_concurrency_safety.jl	1.221
vault/test_done_v2.jl	6.502
vault/test_experiment_workflow.jl	11.478
vault/test_figure_archive.jl	3.479
vault/test_load_recorded.jl	0.386
vault/test_lock_protocol.jl	149.087
vault/test_log_toml.jl	2.634
vault/test_master_ledger_report.jl	1.675
vault/test_observe.jl	18.009
vault/test_owner_locks.jl	1.958
vault/test_path_scheme.jl	3.267
vault/test_query.jl	0.879
vault/test_readonly.jl	2.15
vault/test_report.jl	6.647
vault/test_vault.jl	6.061
